StaffFirstName,NoofTimes,AbsenceCodeDesc,
Alice,10,TARDY - UNEXCUSED,
Alice,25,UNACCOUNTABLE ABSENCE,
Alice,7,MEDICAL NOTE -  EXCUSED,
Alice,31,EXCUSED ABSENCE,
Ann,15,UNACCOUNTABLE ABSENCE,
Ann,15,EXCUSED ABSENCE,
Ann,15,TARDY - UNEXCUSED,
Ann,20,Missing,
Antonio,32,EXCUSED ABSENCE,
Antonio,181,Missing,
Antonio,63,UNACCOUNTABLE ABSENCE,
Antonio,5,MEDICAL NOTE -  EXCUSED,
Ben,60,EXCUSED ABSENCE,
Ben,12,UNACCOUNTABLE ABSENCE,
Ben,132,Missing,
Brian,5,TARDY-EXCUSED/DENTAL/MEDICAL,
Brian ,541,Missing,
Brian ,16,UNACCOUNTABLE ABSENCE,
Brian ,124,EXCUSED ABSENCE,
Chloe,12,OUT OF SCHOOL SUSPENSION,
Chloe,198,Missing,
Chloe,66,TARDY - UNEXCUSED,
Chloe,174,EXCUSED ABSENCE,
Chloe,30,UNACCOUNTABLE ABSENCE,
Chloe,12,PREARRANGED EXCUSED,
Christen,36,UNACCOUNTABLE ABSENCE,
Christen,228,Missing,
Christen,72,EXCUSED ABSENCE,
Cyril,12,TARDY - UNEXCUSED,
Cyril,30,EXCUSED ABSENCE,
Cyril,20,UNACCOUNTABLE ABSENCE,
Cyril,6,MEDICAL NOTE -  EXCUSED,
David ,18,TARDY - UNEXCUSED,
David ,29,EXCUSED ABSENCE,
David,68,Missing,
David,95,UNACCOUNTABLE ABSENCE,
Gareth,9,TARDY-EXCUSED/DENTAL/MEDICAL,
Gareth,29,UNACCOUNTABLE ABSENCE,
Gareth,6,FUNERAL,
Gareth,3,ACCOUNTABLE ABSENCE-UNEXCUSED,
Gareth,23,EXCUSED ABSENCE,
Gareth,20,TARDY - UNEXCUSED,
Gareth,9,MEDICAL NOTE -  EXCUSED,
Geert,18,FIELD TRIP,
Geert,72,TARDY - UNEXCUSED,
Geert,6,TARDY-EXCUSED/DENTAL/MEDICAL,
Geert,84,UNACCOUNTABLE ABSENCE,
Geert,60,Missing,
Geert,42,EXCUSED ABSENCE,
Giorgio,5,TARDY - UNEXCUSED,
Giorgio,24,MEDICAL NOTE -  EXCUSED,
Giorgio,41,EXCUSED ABSENCE,
Giorgio,38,UNACCOUNTABLE ABSENCE,
Giorgio,4,ACCOUNTABLE ABSENCE-UNEXCUSED,
Gitte,16,MEDICAL NOTE -  EXCUSED,
Gitte,62,UNACCOUNTABLE ABSENCE,
Gitte,30,EXCUSED ABSENCE,
Gitte,4,TARDY - UNEXCUSED,
Gitte,4,ACCOUNTABLE ABSENCE-UNEXCUSED,
Greg,30,UNACCOUNTABLE ABSENCE,
Greg,9,MEDICAL NOTE -  EXCUSED,
Greg,6,FUNERAL,
Greg,27,EXCUSED ABSENCE,
Greg,11,TARDY-EXCUSED/DENTAL/MEDICAL,
Greg,3,ACCOUNTABLE ABSENCE-UNEXCUSED,
Greg,21,TARDY - UNEXCUSED,
Gwyneth ,44,EXCUSED ABSENCE,
Gwyneth ,18,UNACCOUNTABLE ABSENCE,
Gwyneth ,13,TARDY - UNEXCUSED,
Gwyneth ,8,MEDICAL NOTE -  EXCUSED,
Hao,6,MEDICAL NOTE -  EXCUSED,
Hao,32,UNACCOUNTABLE ABSENCE,
Hao,15,TARDY - UNEXCUSED,
Hao,11,Missing,
Hao,4,FUNERAL,
Hao,11,TARDY-EXCUSED/DENTAL/MEDICAL,
Hao,33,EXCUSED ABSENCE,
Hao,13,ACCOUNTABLE ABSENCE-UNEXCUSED,
Iulian,24,EXCUSED ABSENCE,
Iulian,18,UNACCOUNTABLE ABSENCE,
Iulian,6,TARDY - UNEXCUSED,
Iulian,48,Missing,
Izak,54,EXCUSED ABSENCE,
Izak,94,UNACCOUNTABLE ABSENCE,
Izak,39,TARDY - UNEXCUSED,
Izak,16,Missing,
Izak,6,MEDICAL NOTE -  EXCUSED,
Izak,4,TARDY-EXCUSED/DENTAL/MEDICAL,
Izak,2,OUT OF SCHOOL SUSPENSION,
James,96,UNACCOUNTABLE ABSENCE,
James,132,EXCUSED ABSENCE,
James,324,Missing,
Joao,5,TARDY - UNEXCUSED,
Joao,34,EXCUSED ABSENCE,
Joao,11,Missing,
Joao,16,MEDICAL NOTE -  EXCUSED,
Joao,6,ACCOUNTABLE ABSENCE-UNEXCUSED,
Joao,93,UNACCOUNTABLE ABSENCE,
John ,30,EXCUSED ABSENCE,
John ,10,TARDY - UNEXCUSED,
John ,18,UNACCOUNTABLE ABSENCE,
John ,6,MEDICAL NOTE -  EXCUSED,
Kamil,72,EXCUSED ABSENCE,
Kamil,241,Missing,
Kamil,60,UNACCOUNTABLE ABSENCE,
Ken,52,EXCUSED ABSENCE,
Ken,16,MEDICAL NOTE -  EXCUSED,
Ken,4,ACCOUNTABLE ABSENCE-UNEXCUSED,
Ken,4,TARDY - UNEXCUSED,
Ken,11,TARDY-EXCUSED/DENTAL/MEDICAL,
Ken,69,UNACCOUNTABLE ABSENCE,
Kim,12,OUT OF SCHOOL SUSPENSION,
Kim,270,EXCUSED ABSENCE,
Kim,66,TARDY - UNEXCUSED,
Kim,516,Missing,
Kim,149,UNACCOUNTABLE ABSENCE,
Kim,12,PREARRANGED EXCUSED,
Luis,564,Missing,
Luis,36,EXCUSED ABSENCE,
Luis,60,UNACCOUNTABLE ABSENCE,
Luisa,83,UNACCOUNTABLE ABSENCE,
Luisa,24,Missing,
Luisa,4,MEDICAL NOTE -  EXCUSED,
Luisa,3,OUT OF SCHOOL SUSPENSION,
Luisa,47,EXCUSED ABSENCE,
Luisa,44,TARDY - UNEXCUSED,
Luisa,6,TARDY-EXCUSED/DENTAL/MEDICAL,
Manish,4,ACCOUNTABLE ABSENCE-UNEXCUSED,
Manish,77,EXCUSED ABSENCE,
Manish,36,TARDY-EXCUSED/DENTAL/MEDICAL,
Manish,48,MEDICAL NOTE -  EXCUSED,
Manish,50,UNACCOUNTABLE ABSENCE,
Manish,24,Missing,
Manish,41,TARDY - UNEXCUSED,
Manish,36,OUT OF SCHOOL SUSPENSION,
Mary,6,MEDICAL NOTE -  EXCUSED,
Mary,66,UNACCOUNTABLE ABSENCE,
Mary,192,Missing,
Mary,36,EXCUSED ABSENCE,
Matt,6,TARDY-EXCUSED/DENTAL/MEDICAL,
Matt,3,OUT OF SCHOOL SUSPENSION,
Matt,24,Missing,
Matt,49,TARDY - UNEXCUSED,
Matt,50,EXCUSED ABSENCE,
Matt,86,UNACCOUNTABLE ABSENCE,
Matt,4,MEDICAL NOTE -  EXCUSED,
Michael,349,Missing,
Michael,72,EXCUSED ABSENCE,
Michael,164,UNACCOUNTABLE ABSENCE,
Michelle,329,Missing,
Michelle,12,TARDY - UNEXCUSED,
Michelle,171,UNACCOUNTABLE ABSENCE,
Michelle,168,EXCUSED ABSENCE,
Mohammad,4,TARDY-EXCUSED/DENTAL/MEDICAL,
Mohammad,16,Missing,
Mohammad,4,MEDICAL NOTE -  EXCUSED,
Mohammad,38,EXCUSED ABSENCE,
Mohammad,97,UNACCOUNTABLE ABSENCE,
Mohammad,2,OUT OF SCHOOL SUSPENSION,
Mohammad,34,TARDY - UNEXCUSED,
Ovidiu,18,MEDICAL NOTE -  EXCUSED,
Ovidiu,11,Missing,
Ovidiu,25,TARDY - UNEXCUSED,
Ovidiu,12,UNACCOUNTABLE ABSENCE,
Ovidiu,21,EXCUSED ABSENCE,
Pat,42,UNACCOUNTABLE ABSENCE,
Pat,15,FUNERAL,
Pat,8,TARDY-EXCUSED/DENTAL/MEDICAL,
Pat,6,MEDICAL NOTE -  EXCUSED,
Pat,14,TARDY - UNEXCUSED,
Pat,73,EXCUSED ABSENCE,
Pat,2,ACCOUNTABLE ABSENCE-UNEXCUSED,
Ray,4,TARDY-EXCUSED/DENTAL/MEDICAL,
Ray,4,MEDICAL NOTE -  EXCUSED,
Ray,16,Missing,
Ray,2,OUT OF SCHOOL SUSPENSION,
Ray,69,UNACCOUNTABLE ABSENCE,
Ray,43,EXCUSED ABSENCE,
Ray,36,TARDY - UNEXCUSED,
Reina,45,Missing,
Reina,5,TARDY - UNEXCUSED,
Reina,18,UNACCOUNTABLE ABSENCE,
Reina,24,EXCUSED ABSENCE,
Rob,8,MEDICAL NOTE -  EXCUSED,
Rob,44,EXCUSED ABSENCE,
Rob,13,TARDY - UNEXCUSED,
Rob,18,UNACCOUNTABLE ABSENCE,
Ryan,84,UNACCOUNTABLE ABSENCE,
Ryan,6,TARDY-EXCUSED/DENTAL/MEDICAL,
Ryan,42,EXCUSED ABSENCE,
Ryan,18,FIELD TRIP,
Ryan,60,Missing,
Ryan,72,TARDY - UNEXCUSED,
Susan,24,EXCUSED ABSENCE,
Susan,18,MEDICAL NOTE -  EXCUSED,
Susan,12,UNACCOUNTABLE ABSENCE,
Susan,12,Missing,
Susan,30,TARDY - UNEXCUSED,
Tai,36,UNACCOUNTABLE ABSENCE,
Tai,12,MEDICAL NOTE -  EXCUSED,
Tai,132,EXCUSED ABSENCE,
Tai,84,TARDY-EXCUSED/DENTAL/MEDICAL,
Tai,24,TARDY - UNEXCUSED,
Terri,20,UNACCOUNTABLE ABSENCE,
Terri,4,FUNERAL,
Terri,18,EXCUSED ABSENCE,
Terri,14,TARDY - UNEXCUSED,
Terri,6,MEDICAL NOTE -  EXCUSED,
Terri,9,TARDY-EXCUSED/DENTAL/MEDICAL,
Terri,2,ACCOUNTABLE ABSENCE-UNEXCUSED,
Terry,372,Missing,
Terry,84,UNACCOUNTABLE ABSENCE,
Terry,192,EXCUSED ABSENCE,
Thomas,241,Missing,
Thomas,72,EXCUSED ABSENCE,
Thomas,60,UNACCOUNTABLE ABSENCE,
Tzipi,186,Missing,
Tzipi,6,TARDY-EXCUSED/DENTAL/MEDICAL,
Tzipi,36,EXCUSED ABSENCE,
Tzipi,6,UNACCOUNTABLE ABSENCE,
