SubjectName,DateName,EnrollmentDate,StudentID,ScaledScore,PossibleScaledScore
Language Arts,"Monday, March 01 2010",00:00.0,00:00.0,525,600
Social Studies,"Monday, March 01 2010",00:00.0,1446,528,600
Science,"Monday, March 01 2010",00:00.0,1446,531,600
Math,"Monday, March 01 2010",00:00.0,1446,559,600
Science,"Monday, March 01 2010",00:00.0,2646,501,600
Math,"Monday, March 01 2010",00:00.0,2646,530,600
Social Studies,"Monday, March 01 2010",00:00.0,2646,536,600
Language Arts,"Monday, March 01 2010",00:00.0,2646,540,600
